,City,Lat,Lng,Max Temp,Humidity,Cloudiness,Wind Speed,Country,Date
0,Sabzawār,36.21,57.68,83.17,25,0,6.58,IR,1595733138
1,Santa Cruz de la Sierra,-17.8,-63.17,55.4,66,90,8.05,BO,1595732886
2,Cape Town,-33.93,18.42,57.2,93,75,2.24,ZA,1595733136
3,Hambantota,6.12,81.12,78.8,100,90,8.05,LK,1595733144
4,Punta Arenas,-53.15,-70.92,24.8,85,48,12.75,CL,1595733145
5,Barrow,71.29,-156.79,41.0,80,90,6.93,US,1595733002
6,Busselton,-33.65,115.33,60.01,84,0,8.61,AU,1595733147
7,Campo Grande,-20.44,-54.65,55.4,71,18,10.29,BR,1595733128
8,Porkhov,57.77,29.56,48.2,100,65,2.24,RU,1595733149
9,São João da Barra,-21.64,-41.05,70.92,88,0,11.27,BR,1595733150
10,Ust'-Barguzin,53.45,108.98,62.82,69,100,2.06,RU,1595733151
11,Arraial do Cabo,-22.97,-42.03,71.6,83,0,18.34,BR,1595733153
12,Butaritari,3.07,172.79,83.34,76,12,15.43,KI,1595733154
13,Mar del Plata,-38.0,-57.56,46.99,87,100,16.11,AR,1595733109
14,Kedrovyy,56.17,91.82,62.6,93,90,4.47,RU,1595733156
15,Kavieng,-2.57,150.8,85.98,71,45,13.62,PG,1595733157
16,Puerto Ayora,-0.74,-90.35,66.99,92,99,1.01,EC,1595733158
17,San Andrés,12.58,-81.7,82.4,78,75,6.93,CO,1595733159
18,Dikson,73.51,80.55,39.38,91,100,15.99,RU,1595732662
19,Jamestown,42.1,-79.24,69.8,73,1,0.94,US,1595733162
20,Sovetskiy,61.36,63.58,64.31,52,6,3.62,RU,1595733163
21,Touros,-5.2,-35.46,71.6,88,40,5.82,BR,1595733164
22,Tonj,7.27,28.68,68.63,95,100,3.51,SS,1595732924
23,East London,-33.02,27.91,69.8,26,0,9.17,ZA,1595733167
24,Nome,64.5,-165.41,59.0,67,90,9.17,US,1595733169
25,Tasiilaq,65.61,-37.64,42.8,87,100,9.17,GL,1595733171
26,Hilo,19.73,-155.09,82.4,65,90,13.87,US,1595733172
27,Carnarvon,-24.87,113.63,75.2,25,0,11.41,AU,1595733173
28,Hobart,-42.88,147.33,57.0,62,20,6.93,AU,1595732923
29,Cabo San Lucas,22.89,-109.91,84.99,78,5,14.99,MX,1595733175
30,Mataura,-46.19,168.86,53.01,67,28,5.95,NZ,1595733176
31,Rikitea,-23.12,-134.97,70.45,81,18,20.85,PF,1595733178
32,Esso,55.93,158.7,69.37,36,35,8.79,RU,1595733179
33,Ushuaia,-54.8,-68.3,30.2,92,40,9.17,AR,1595733180
34,Tuktoyaktuk,69.45,-133.04,50.0,87,90,4.7,CA,1595733182
35,Qaanaaq,77.48,-69.36,41.7,66,0,1.97,GL,1595732614
36,Mareeba,-17.0,145.43,84.0,44,0,6.93,AU,1595733184
37,Tiarei,-17.53,-149.33,80.6,65,20,9.17,PF,1595733185
38,Bethel,41.37,-73.41,75.99,83,1,4.7,US,1595733160
39,Vaini,-21.2,-175.2,75.2,69,20,9.17,TO,1595733189
40,Saint-Philippe,-21.36,55.77,68.0,77,72,20.8,RE,1595733190
41,Yellowknife,62.46,-114.35,72.0,35,20,8.05,CA,1595733191
42,North Bend,43.41,-124.22,66.0,87,1,26.4,US,1595733192
43,Kyaikkami,16.08,97.57,84.33,76,96,9.33,MM,1595733193
44,Usinsk,65.99,57.53,64.96,64,3,9.1,RU,1595733194
45,Noumea,-22.28,166.46,82.4,51,20,9.17,NC,1595732577
46,Lüderitz,-26.65,15.16,57.2,62,0,2.24,NA,1595733196
47,Dunedin,-45.87,170.5,55.99,60,51,3.0,NZ,1595733198
48,Port Alfred,-33.59,26.89,61.29,55,0,13.65,ZA,1595733199
49,Mūl,20.07,79.67,82.26,78,10,5.1,IN,1595733201
50,Oddur,4.12,43.89,70.92,74,87,20.45,SO,1595733202
51,Ardakān,32.31,54.02,84.2,23,20,4.7,IR,1595733203
52,Upernavik,72.79,-56.15,44.13,90,100,21.27,GL,1595733204
53,Severo-Kuril'sk,50.68,156.12,54.01,77,100,12.46,RU,1595732663
54,Thompson,55.74,-97.86,69.8,73,75,6.93,CA,1595733207
55,Togur,58.36,82.83,64.98,57,10,5.41,RU,1595732951
56,Praia,14.92,-23.51,80.6,78,20,2.24,CV,1595733011
57,Klaksvík,62.23,-6.59,51.8,76,100,28.86,FO,1595733210
58,Bengkulu,-3.8,102.27,82.74,70,4,7.76,ID,1595733211
59,Kindu,-2.95,25.95,68.4,55,0,0.89,CD,1595733213
60,Nuuk,64.18,-51.72,46.4,87,100,6.93,GL,1595732526
61,Bambanglipuro,-7.95,110.28,81.91,62,63,13.04,ID,1595733216
62,Vardø,70.37,31.11,58.03,69,0,7.36,NO,1595732584
63,Port Elizabeth,-33.92,25.57,59.0,87,0,17.22,ZA,1595732659
64,Sūsangerd,31.56,48.18,91.4,66,40,4.7,IR,1595733219
65,Dongsheng,39.82,109.98,76.53,39,56,11.34,CN,1595733221
66,Orcopampa,-15.27,-72.34,40.75,54,2,0.94,PE,1595733222
67,Ribeira Grande,38.52,-28.7,71.6,86,11,13.56,PT,1595733223
68,Lavrentiya,65.58,-171.0,53.24,66,65,6.91,RU,1595732687
69,Belmonte,-15.86,-38.88,71.6,88,75,3.36,BR,1595733225
70,City of Saint Peters,38.8,-90.63,84.99,74,1,3.36,US,1595733226
71,Kapaa,22.08,-159.32,82.4,74,75,21.92,US,1595732944
72,Hamilton,39.18,-84.53,77.0,88,20,2.17,US,1595732754
73,Kyra,49.58,111.98,67.28,85,100,5.28,RU,1595733230
74,Līsakovsk,52.54,62.49,63.34,85,67,6.33,KZ,1595733231
75,Ust-Maya,60.42,134.53,68.85,57,100,7.76,RU,1595733232
76,Codrington,-38.27,141.97,54.28,65,33,0.89,AU,1595733233
77,Safford,32.83,-109.71,86.0,40,20,8.05,US,1595733234
78,Saint Paul Harbor,57.79,-152.41,53.6,93,90,9.17,US,1595733235
79,Orlik,52.52,99.83,62.83,65,100,1.25,RU,1595733236
80,Mount Gambier,-37.83,140.77,51.8,81,67,8.05,AU,1595733238
81,Saldanha,-33.01,17.94,55.4,93,45,1.12,ZA,1595732639
82,Gimbi,9.17,35.83,55.98,100,100,2.15,ET,1595733240
83,Obala,4.17,11.53,69.04,96,100,2.84,CM,1595733241
84,Abbeville,50.1,1.83,61.0,63,28,10.96,FR,1595733242
85,Castro,-24.79,-50.01,54.43,89,99,3.18,BR,1595733243
86,Iqaluit,63.75,-68.51,46.0,87,40,3.36,CA,1595733244
87,Dourdan,48.53,2.01,64.99,90,96,1.99,FR,1595733245
88,Bluff,-46.6,168.33,51.64,77,58,20.22,NZ,1595733247
89,Rome,43.21,-75.46,69.01,82,1,3.36,US,1595733248
90,Lebu,-37.62,-73.65,52.83,96,100,20.11,CL,1595733249
91,Calatayud,41.35,-1.64,71.6,83,0,1.12,ES,1595733250
92,Korla,41.76,86.15,88.02,22,0,5.68,CN,1595733251
93,Moerai,-22.43,-151.33,72.75,74,88,10.04,PF,1595733252
94,Alyangula,-13.85,136.42,82.4,45,43,10.29,AU,1595733253
95,Mormugao,15.4,73.8,77.0,100,90,9.17,IN,1595733255
96,Karratha,-20.74,116.85,75.33,23,99,22.12,AU,1595733257
97,Staryy Nadym,65.61,72.68,60.64,71,28,12.46,RU,1595733258
98,Kaitangata,-46.28,169.85,55.99,52,32,15.01,NZ,1595733259
99,Sergeevka,53.88,67.42,64.0,70,58,2.33,KZ,1595733261
100,Marechal Cândido Rondon,-24.56,-54.06,50.74,78,100,5.48,BR,1595733263
101,Taoudenni,22.68,-3.98,92.82,33,0,2.26,ML,1595733264
102,Yabrūd,33.97,36.66,60.01,72,0,4.7,SY,1595732792
103,Juye,35.39,116.09,72.28,93,100,5.14,CN,1595733266
104,Faanui,-16.48,-151.75,78.22,79,22,15.68,PF,1595733267
105,Georgiyevka,43.04,74.71,77.0,50,32,4.47,KZ,1595733186
106,Alice Springs,-23.7,133.88,60.8,44,0,12.75,AU,1595733271
107,Pacific Grove,36.62,-121.92,62.01,82,1,10.29,US,1595732899
108,Rizhao,35.43,119.46,79.09,67,100,0.54,CN,1595733273
109,Provideniya,64.38,-173.3,58.06,62,64,7.63,RU,1595733274
110,Zwedru,6.07,-8.13,67.93,97,63,2.19,LR,1595733275
111,Esim,4.87,-2.24,74.34,88,50,7.58,GH,1595733276
112,Norman Wells,65.28,-126.83,75.2,36,75,4.7,CA,1595732692
113,Dauriya,49.93,116.87,80.04,61,100,12.8,RU,1595733278
114,Avarua,-21.21,-159.78,73.4,73,100,6.93,CK,1595733280
115,Albany,42.6,-73.97,75.99,94,2,4.38,US,1595733281
116,Huazhou,21.63,110.58,92.48,57,79,5.55,CN,1595733282
117,Richards Bay,-28.78,32.04,61.86,75,0,13.94,ZA,1595733283
118,Mayor Pablo Lagerenza,-19.93,-60.77,53.08,54,97,1.5,PY,1595733285
119,Santo Domingo,18.5,-69.99,81.0,88,40,4.7,DO,1595733090
120,Porto-Novo,6.5,2.6,75.2,94,40,8.05,BJ,1595733287
121,Alliston,44.15,-79.87,70.0,68,1,4.7,CA,1595733288
122,Eureka,40.8,-124.16,60.01,49,1,3.09,US,1595733218
123,Beringovskiy,63.05,179.32,62.64,64,51,5.99,RU,1595733290
124,Haines Junction,60.75,-137.51,58.93,50,62,11.81,CA,1595733291
125,Ivybridge,50.39,-3.92,55.99,95,31,1.01,GB,1595733292
126,Geraldton,-28.77,114.6,69.8,73,0,8.05,AU,1595733293
127,Bredasdorp,-34.53,20.04,57.2,82,98,9.17,ZA,1595733295
128,Fukuechō,32.69,128.84,78.8,88,75,9.17,JP,1595732730
129,Khatanga,71.97,102.5,41.45,78,100,13.87,RU,1595733297
130,Torbay,47.67,-52.73,59.0,87,40,6.93,CA,1595733298
131,Kutum,14.2,24.67,76.06,64,15,14.43,SD,1595733299
132,Avera,33.19,-82.53,77.0,94,1,3.36,US,1595733300
133,Nikolskoye,59.7,30.79,57.0,93,20,6.71,RU,1595733301
134,Kumul,42.8,93.45,91.74,18,0,10.63,CN,1595733302
135,Srednekolymsk,67.45,153.68,92.62,23,0,11.65,RU,1595733305
136,George Town,5.41,100.34,84.2,83,20,4.7,MY,1595733112
137,Souillac,-20.52,57.52,69.8,64,75,16.11,MU,1595733307
138,High Level,58.52,-117.14,71.6,37,40,5.82,CA,1595733308
139,Sept-Îles,50.2,-66.38,66.0,93,90,4.7,CA,1595732647
140,Fortuna,40.6,-124.16,60.01,82,1,9.17,US,1595733310
141,Anadyr,64.75,177.48,75.2,64,13,8.95,RU,1595733311
142,Kiryat Gat,31.61,34.76,75.0,62,0,1.01,IL,1595733312
143,Matara,5.95,80.54,80.49,82,92,14.09,LK,1595733314
144,West Bay,19.37,-81.42,84.0,79,100,1.99,KY,1595733315
145,Los Llanos de Aridane,28.66,-17.92,71.6,73,90,13.87,ES,1595733316
146,Saint George,37.1,-113.58,95.0,13,1,8.05,US,1595733115
147,Jinxiang,22.86,115.7,90.21,62,70,12.5,CN,1595733318
148,Pevek,69.7,170.31,49.03,86,53,1.88,RU,1595732783
149,Guerrero Negro,27.98,-114.06,67.51,81,0,16.28,MX,1595733321
150,Hithadhoo,-0.6,73.08,82.87,67,100,5.06,MV,1595733323
151,Petropavlovka,50.61,105.32,68.77,69,100,1.86,RU,1595733324
152,Berlevåg,70.86,29.09,58.48,67,0,7.38,NO,1595733325
153,San Policarpo,12.18,125.51,84.79,73,7,5.99,PH,1595733326
154,Morón,-34.65,-58.62,50.0,64,0,1.01,AR,1595732769
155,San Patricio,19.22,-104.7,84.2,83,75,4.76,MX,1595733330
156,Airai,-8.93,125.41,72.05,51,60,5.48,TL,1595733332
157,Azare,11.68,10.19,77.9,72,95,7.02,NG,1595733333
158,Cherskiy,68.75,161.3,86.94,25,0,13.11,RU,1595733335
159,Songkhla,6.83,100.67,86.0,70,20,3.36,TH,1595733336
160,Swidnica,50.84,16.49,61.0,68,29,7.07,PL,1595733337
161,Muhafazat Lahij,13.17,44.58,76.3,83,100,10.29,YE,1595733340
162,Fairbanks,64.84,-147.72,64.99,55,90,4.0,US,1595733262
163,Joshīmath,30.57,79.57,71.87,54,41,3.98,IN,1595733343
164,Muros,42.78,-9.06,66.0,93,32,2.26,ES,1595733344
165,New Norfolk,-42.78,147.06,54.0,75,0,2.35,AU,1595733345
166,Port Augusta,-32.5,137.77,64.0,82,44,3.36,AU,1595733346
167,Kieta,-6.22,155.63,86.23,62,100,6.26,PG,1595732814
168,Hofn,64.25,-15.21,50.43,84,100,13.13,IS,1595733349
169,Kibala,9.11,18.35,77.0,94,98,3.15,TD,1595733352
170,Linxia Chengguanzhen,35.6,103.21,74.17,46,0,1.43,CN,1595733353
171,Broken Hill,-31.95,141.43,59.0,47,0,13.87,AU,1595733354
172,Waipawa,-41.41,175.52,59.0,66,1,3.36,NZ,1595733356
173,Takoradze,4.88,-1.76,73.71,89,49,7.27,GH,1595733357
174,Purpe,64.48,76.69,59.79,65,100,11.18,RU,1595733358
175,Omboué,-1.57,9.26,72.14,81,69,5.12,GA,1595733359
176,Longyearbyen,78.22,15.64,60.8,77,2,6.93,SJ,1595733128
177,Mosquera,4.71,-74.23,48.2,93,20,6.93,CO,1595733363
178,Batticaloa,7.71,81.69,81.09,71,100,3.29,LK,1595733364
179,Huntsville,34.73,-86.59,77.0,94,40,6.93,US,1595733365
180,Celestún,20.87,-90.4,83.05,69,100,12.08,MX,1595733366
181,Necochea,-38.55,-58.74,46.99,70,83,13.0,AR,1595733367
182,Vila,42.03,-8.16,66.99,95,0,3.31,PT,1595733368
183,Quilalí,13.57,-86.03,72.48,83,100,1.79,NI,1595733369
184,Praia da Vitória,38.73,-27.07,69.8,88,20,5.7,PT,1595733370
185,Puerto Baquerizo Moreno,-0.9,-89.6,67.77,84,94,11.92,EC,1595733371
186,São Miguel do Araguaia,-13.28,-50.16,70.61,41,0,5.88,BR,1595733210
187,Changji,44.02,87.32,84.2,37,0,4.47,CN,1595733374
188,Bembèrèkè,10.23,2.66,68.45,100,38,3.89,BJ,1595733375
189,Salalah,17.02,54.09,78.8,88,40,5.82,OM,1595732836
190,Nouadhibou,20.93,-17.03,69.8,88,90,17.22,MR,1595733377
191,San Quintín,30.48,-115.95,66.99,79,0,10.36,MX,1595733378
192,Maniitsoq,65.42,-52.9,46.24,89,100,9.22,GL,1595733380
193,Egvekinot,66.32,-179.17,58.14,67,32,6.51,RU,1595733383
194,Pangnirtung,66.15,-65.71,49.33,78,10,1.88,CA,1595732877
195,Ternate,0.8,127.4,80.98,74,96,6.6,ID,1595733385
196,Ixtapa,20.7,-105.2,84.2,79,90,4.7,MX,1595732832
197,Payo,-3.75,103.64,83.19,62,15,5.14,ID,1595733387
198,Aldan,58.6,125.39,73.22,51,62,1.74,RU,1595733388
199,Asău,46.43,26.4,57.99,95,100,1.25,RO,1595732915
200,Huangcun,30.01,118.4,81.0,99,94,2.73,CN,1595733392
201,Mata,40.68,-7.46,59.0,92,0,3.04,PT,1595733394
202,Mandalgovi,45.76,106.27,66.0,65,54,20.94,MN,1595733395
203,Augusto Corrêa,-1.02,-46.63,73.85,94,52,2.59,BR,1595733396
204,Bosaso,11.28,49.18,89.08,41,9,15.79,SO,1595732893
205,Maningrida,-12.07,134.27,84.49,41,98,11.63,AU,1595733398
206,Chokurdakh,70.63,147.92,91.83,23,8,16.53,RU,1595733399
207,Hermanus,-34.42,19.23,55.99,88,68,1.99,ZA,1595733401
208,Tuatapere,-46.13,167.68,53.58,66,21,7.36,NZ,1595733402
209,Ponta do Sol,32.67,-17.1,66.0,77,0,3.71,PT,1595733403
210,Resen,41.09,21.01,59.29,81,0,3.31,MK,1595733404
211,Marawi,8.0,124.29,84.0,79,23,5.01,PH,1595733405
212,La Asuncion,11.03,-63.86,77.0,94,99,9.17,VE,1595733406
213,Kysyl-Syr,63.9,122.76,70.36,48,0,13.09,RU,1595733408
214,Berbera,10.44,45.01,88.9,42,0,27.83,SO,1595733409
215,Wanning,18.8,110.4,89.53,61,76,12.93,CN,1595733410
216,Forsytheganj,52.63,29.73,59.41,97,65,3.27,BY,1595732961
217,Voh,-20.97,164.7,80.6,53,1,9.26,NC,1595733412
218,Jacareacanga,-6.22,-57.75,75.47,57,7,1.39,BR,1595733413
219,Ordu,40.91,37.68,71.6,94,75,2.24,TR,1595733414
220,Vila do Maio,15.13,-23.22,80.6,78,20,2.24,CV,1595733416
221,Galich,58.38,42.35,54.9,78,0,1.7,RU,1595733417
222,Miles City,46.41,-105.84,75.2,27,1,10.29,US,1595733189
223,Kahului,20.89,-156.47,87.8,48,40,19.46,US,1595733419
224,Broome,42.25,-75.83,71.6,68,1,5.82,US,1595733283
225,Clyde River,70.47,-68.59,37.4,100,90,4.7,CA,1595733422
226,Chui,-33.7,-53.46,42.4,82,0,8.05,UY,1595733423
227,Bambous Virieux,-20.34,57.76,70.0,64,75,16.11,MU,1595733425
228,Bragança,-1.05,-46.77,72.37,98,52,1.7,BR,1595733426
229,Puerto Concordia,2.62,-72.76,68.81,98,97,0.74,CO,1595733427
230,Elk Point,42.68,-96.68,84.99,60,2,5.99,US,1595733428
231,Saskylakh,71.92,114.08,35.24,94,100,23.33,RU,1595733429
232,Balingasay,16.36,119.86,86.02,69,75,5.1,PH,1595733430
233,Sterling,39.01,-77.43,81.0,78,40,3.27,US,1595733233
234,Praia,14.92,-23.51,80.6,78,20,2.24,CV,1595733432
235,Villa Carlos Paz,-31.42,-64.5,50.0,36,0,9.17,AR,1595733434
236,Caravelas,-17.71,-39.25,70.72,90,9,4.41,BR,1595733017
237,Maragogi,-9.01,-35.22,73.13,84,3,12.64,BR,1595733420
238,Port Hardy,50.7,-127.42,64.4,63,20,9.17,CA,1595733389
239,Erzin,36.96,36.2,79.0,90,13,0.56,TR,1595733438
240,Mochudi,-24.42,26.15,35.6,80,0,3.36,BW,1595733440
241,Laguna,38.42,-121.42,82.99,39,1,13.87,US,1595733441
242,Husavik,66.04,-17.34,46.4,87,90,9.17,IS,1595733444
243,Yangi Marg`ilon,40.43,71.72,84.2,37,26,9.17,UZ,1595733445
244,Uglegorsk,49.08,142.03,61.38,83,100,6.91,RU,1595733446
245,Tilichiki,60.47,166.1,72.66,52,0,5.35,RU,1595733447
246,Barāgaon,25.43,82.82,87.8,89,40,3.36,IN,1595733448
247,Nālūt,30.33,10.85,74.89,29,0,11.41,LY,1595733449
248,Pechenga,69.53,31.17,59.0,62,0,6.93,RU,1595733452
249,Rawson,-43.3,-65.1,47.17,69,0,13.06,AR,1595732900
250,Narutochō-mitsuishi,34.18,134.62,79.0,94,75,14.99,JP,1595733456
251,Tiksi,71.69,128.87,39.43,96,100,8.19,RU,1595733457
252,Aborlan,9.44,118.55,87.03,60,72,3.91,PH,1595733458
253,Butembo,0.15,29.28,57.0,98,69,2.77,CD,1595733459
254,Mbuji-Mayi,-6.15,23.6,65.79,40,30,4.05,CD,1595733460
255,Vila Velha,-20.33,-40.29,68.0,94,75,2.24,BR,1595733461
256,Msanga,-6.05,36.03,60.8,67,5,5.82,TZ,1595733463
257,Margate,51.38,1.39,57.99,95,0,1.99,GB,1595733464
258,Kita,13.03,-9.49,72.93,96,96,4.97,ML,1595733465
259,Juneau,58.3,-134.42,57.99,87,90,13.87,US,1595733167
260,A Coruña,43.37,-8.4,66.2,88,90,2.24,ES,1595733467
261,Aykhal,66.0,111.5,41.0,93,90,11.18,RU,1595732999
262,Neryungri,56.67,124.65,73.76,60,82,3.53,RU,1595733470
263,Fastiv,50.08,29.92,62.6,100,98,1.92,UA,1595733472
264,Ancud,-41.87,-73.82,48.0,100,40,4.7,CL,1595733473
265,Kiruna,67.86,20.23,51.8,100,100,5.82,SE,1595733474
266,Marabu,4.41,114.01,87.8,66,40,4.7,MY,1595733475
267,Vestmannaeyjar,63.44,-20.27,51.19,79,100,2.1,IS,1595733476
268,Talara,-4.58,-81.27,64.11,86,78,13.31,PE,1595733477
269,Port Hedland,-20.32,118.57,80.6,11,99,19.46,AU,1595733478
270,Saint-François,46.42,3.91,64.4,72,87,2.24,FR,1595733479
271,Ketchikan,55.34,-131.65,57.2,100,90,23.04,US,1595733481
272,Nizhneangarsk,55.78,109.55,64.24,51,42,1.5,RU,1595733482
273,Gamba,-2.65,10.0,72.32,78,98,1.79,GA,1595733483
274,Palu,-0.89,119.87,79.66,77,97,1.07,ID,1595733288
275,Moranbah,-22.0,148.05,76.12,31,30,14.07,AU,1595733188
276,Lucea,18.45,-78.17,84.2,66,20,3.36,JM,1595733486
277,Sittwe,20.15,92.9,84.92,75,77,7.56,MM,1595733487
278,Thunder Bay,48.4,-89.32,77.0,83,20,6.93,CA,1595733278
279,Langen,49.99,8.67,66.99,93,20,5.82,DE,1595733489
280,Nardaran,40.56,50.01,78.8,78,20,2.24,AZ,1595733491
281,Digby,44.62,-65.77,64.0,90,43,8.01,CA,1595733492
282,Bulgan,48.81,103.53,69.01,61,5,1.39,MN,1595733493
283,Wamba,8.93,8.6,70.79,94,86,1.28,NG,1595733494
284,Orange,33.7,-117.77,70.0,73,1,5.82,US,1595733441
285,Tigzirt,36.89,4.12,80.73,44,0,5.01,DZ,1595733496
286,Ferrol,43.48,-8.24,66.2,88,90,2.24,ES,1595733497
287,Bonavista,48.65,-53.11,59.76,88,93,16.49,CA,1595733498
288,Constitución,-35.33,-72.42,48.51,76,100,3.22,CL,1595733499
289,Pisco,-13.7,-76.22,62.6,82,90,4.7,PE,1595733029
290,Zhigansk,66.77,123.37,58.66,68,100,22.06,RU,1595733502
291,Jos,9.92,8.9,64.67,92,95,3.11,NG,1595733503
292,Windhoek,-22.56,17.08,46.4,64,0,4.7,NA,1595733504
293,Shimoda,34.67,138.95,84.2,89,40,16.11,JP,1595733505
294,Northam,51.03,-4.22,59.0,93,3,8.01,GB,1595733506
295,Tripoli,32.88,13.19,78.4,57,0,4.45,LY,1595733507
296,Yeniseysk,58.45,92.17,68.11,58,37,3.42,RU,1595733508
297,Samarai,-10.62,150.67,79.29,87,98,16.87,PG,1595733510
298,Te Anau,-45.42,167.72,50.81,67,90,5.28,NZ,1595733512
299,Tanout,14.97,8.89,86.83,43,75,9.55,NE,1595733513
300,Barraute,48.43,-77.63,77.0,69,90,10.29,CA,1595733514
301,Tomatlán,19.93,-105.25,76.69,93,100,1.54,MX,1595733515
302,Bartica,6.4,-58.62,78.8,94,40,4.7,GY,1595733516
303,Varna,43.22,27.92,62.01,82,0,3.36,BG,1595733517
304,Sambava,-14.27,50.17,69.64,84,100,17.58,MG,1595733518
305,Tulun,54.56,100.58,68.23,64,100,6.91,RU,1595733520
306,Bilibino,68.05,166.44,81.64,36,30,10.27,RU,1595733521
307,Shenzhen,22.55,114.07,91.99,70,20,8.95,CN,1595733522
308,Province of Trapani,37.83,12.67,71.6,88,0,2.24,IT,1595733442
309,Isangel,-19.55,169.27,84.2,66,40,8.05,VU,1595733525
310,Green River,41.53,-109.47,68.0,40,1,12.75,US,1595733267
311,Biltine,14.53,20.92,82.78,55,22,5.73,TD,1595733527
312,Kajaani,64.23,27.73,55.4,100,75,4.7,FI,1595733528
313,Pontianak,-0.03,109.33,80.8,78,71,6.44,ID,1595733315
314,Lusambo,-4.97,23.45,67.33,47,0,1.68,CD,1595733531
315,Viedma,-40.81,-63.0,48.99,69,100,3.0,AR,1595733532
316,Atuona,-9.8,-139.03,79.72,71,2,21.03,PF,1595733534
317,Cayenne,4.93,-52.33,75.2,100,0,8.57,GF,1595733535
318,Ahipara,-35.17,173.17,57.88,66,58,8.39,NZ,1595733536
319,Mongo,12.18,18.69,77.41,80,76,2.89,TD,1595733537
320,Santa Isabel Rio Negro,-0.41,-65.02,72.72,95,79,2.1,BR,1595733289
321,Buraidah,26.33,43.98,86.0,45,20,3.89,SA,1595733539
322,Weyburn,49.67,-103.85,62.01,69,0,4.0,CA,1595733328
323,Mut,36.64,33.44,70.34,38,0,0.94,TR,1595733541
324,Tazovsky,67.47,78.7,54.7,63,80,14.2,RU,1595733543
325,Aasiaat,68.71,-52.87,42.17,97,100,12.77,GL,1595733544
326,Hīt,33.64,42.83,86.18,19,0,2.84,IQ,1595733545
327,Lincoln,40.8,-96.67,84.2,70,1,13.87,US,1595733547
328,Brae,60.4,-1.35,53.6,93,100,8.05,GB,1595733548
329,Itarema,-2.92,-39.92,77.31,81,81,12.53,BR,1595733549
330,Naryan-Mar,67.67,53.09,66.76,66,42,5.88,RU,1595733551
331,Dingle,11.0,122.67,87.84,67,18,1.95,PH,1595733552
332,Sinazongwe,-17.26,27.46,58.78,62,29,1.03,ZM,1595733556
333,São Filipe,14.9,-24.5,78.33,89,99,5.91,CV,1595733557
334,Hong Kong,22.29,114.16,91.0,63,47,13.0,HK,1595733558
335,Atlantic City,39.36,-74.42,77.0,83,1,4.7,US,1595733422
336,Puerto Escondido,15.85,-97.07,81.23,73,100,2.42,MX,1595733560
337,Zyryanka,65.75,150.85,92.01,27,0,16.46,RU,1595733561
338,Saint-Pierre,-21.34,55.48,68.0,77,20,32.21,RE,1595733562
339,Sibolga,1.74,98.78,86.04,58,64,2.64,ID,1595733564
340,Esperance,-33.87,121.9,59.0,77,75,12.75,AU,1595733566
341,Grevená,40.08,21.43,60.8,87,0,4.7,GR,1595733567
342,Jalu,29.03,21.55,75.83,42,0,6.49,LY,1595733568
343,Muleba,-1.84,31.65,67.87,55,0,11.27,TZ,1595733569
344,Sretensk,52.25,117.71,79.74,71,96,6.78,RU,1595733570
345,Kavaratti,10.57,72.64,82.4,78,20,5.82,IN,1595733571
346,Brigantine,39.41,-74.36,77.0,83,1,4.7,US,1595733572
347,Gomel,52.43,30.98,59.0,87,98,4.47,BY,1595733574
348,Boffa,10.17,-14.03,74.84,94,100,6.89,GN,1595733575
349,Adrar,20.5,-10.07,90.46,29,0,14.41,MR,1595733576
350,Port Lincoln,-34.73,135.87,59.09,73,100,11.3,AU,1595733578
351,Impfondo,1.64,18.07,71.22,95,100,3.06,CG,1595733579
352,Säkylä,61.03,22.33,51.8,93,18,3.36,FI,1595733580
353,Tiznit Province,29.58,-9.5,69.28,70,0,1.07,MA,1595733583
354,Yorkton,51.22,-102.47,66.2,52,1,16.11,CA,1595733326
355,Kurumkan,54.3,110.3,77.79,41,97,3.29,RU,1595733585
356,Sibu,2.3,111.82,84.2,79,40,2.24,MY,1595733586
357,Bryan,30.67,-96.37,79.0,100,75,6.93,US,1595733318
358,Deputatsky,69.3,139.9,81.57,29,26,19.91,RU,1595733590
359,Lucapa,-8.42,20.74,59.52,39,5,4.07,AO,1595733591
360,Itatiaia,-22.5,-44.56,63.39,68,0,0.94,BR,1595733592
361,Quatre Cocos,-20.21,57.76,70.0,64,75,16.11,MU,1595733593
362,Ust-Kuyga,70.02,135.6,65.93,77,100,14.38,RU,1595733594
363,Gorontalo,0.54,123.06,77.13,88,82,9.6,ID,1595733595
364,Kislyakovskaya,46.44,39.67,73.02,33,13,13.44,RU,1595733597
365,Birjand,32.87,59.22,75.2,23,0,6.93,IR,1595733598
366,Osuna,37.24,-5.11,81.0,50,0,6.93,ES,1595733599
367,Ilulissat,69.22,-51.1,42.8,100,100,11.41,GL,1595733600
368,Tacoronte,28.48,-16.41,69.01,93,90,16.11,ES,1595733601
369,Mangaratiba,-22.96,-44.04,71.76,68,0,6.08,BR,1595733603
370,Makkah al Mukarramah,21.43,39.83,84.47,46,11,3.33,SA,1595733328
371,Ostrovnoy,68.05,39.51,61.83,65,69,1.79,RU,1595733605
372,Valdivia,-39.81,-73.25,51.8,93,75,9.17,CL,1595733607
373,Denpasar,-8.65,115.22,82.4,65,20,14.99,ID,1595733401
374,Malanje,-9.54,16.34,54.36,60,0,1.86,AO,1595733610
375,Luanda,-8.84,13.23,71.6,88,75,6.69,AO,1595733611
376,Coyhaique,-45.58,-72.07,35.6,93,20,2.24,CL,1595733612
377,Aketi,2.74,23.78,70.65,97,100,2.26,CD,1595733613
378,Camacha,33.08,-16.33,69.8,73,40,13.87,PT,1595733614
379,Kismayo,-0.36,42.55,77.38,78,25,19.69,SO,1595733616
380,Mezen',65.85,44.24,60.58,85,93,4.63,RU,1595733617
381,Mitsamiouli,-11.38,43.28,76.35,67,59,13.29,KM,1595733618
382,Dalvik,65.97,-18.53,46.4,87,90,9.17,IS,1595733619
383,East Wenatchee Bench,47.43,-120.28,82.0,27,1,6.93,US,1595733620
384,Monrovia,6.3,-10.8,75.96,83,100,9.91,LR,1595733621
385,Alta Floresta,-9.88,-56.09,71.85,55,0,2.91,BR,1595733623
386,Vanimo,-2.67,141.3,83.73,76,93,2.28,PG,1595733624
387,San Vicente,-26.62,-54.13,41.22,82,100,3.83,AR,1595733625
388,Sikonge,-5.63,32.77,53.29,77,0,4.61,TZ,1595733626
389,Ballarat,-37.57,143.85,53.01,77,2,1.66,AU,1595733627
390,Dapaong,10.86,0.2,74.26,90,91,3.98,TG,1595733628
391,Ugoofaaru,5.67,73.0,82.26,72,100,7.47,MV,1595733402
392,Lobva,59.19,60.52,56.48,72,98,3.11,RU,1595733631
393,Lorengau,-2.02,147.27,83.25,75,100,15.86,PG,1595733632
394,Christchurch,-43.53,172.63,59.0,38,22,8.05,NZ,1595733633
395,Saulkrasti,57.26,24.41,48.0,100,20,1.12,LV,1595733634
396,Mahébourg,-20.41,57.7,69.8,64,75,16.11,MU,1595733635
397,Liberty,31.83,-81.5,75.0,94,1,2.3,US,1595733637
398,Lázaro Cárdenas,17.96,-102.2,80.73,77,44,2.53,MX,1595733638
399,Wichita,37.69,-97.34,86.0,66,40,9.17,US,1595733341
400,Mokhsogollokh,61.47,128.92,72.5,45,0,8.03,RU,1595733640
401,Abonnema,4.71,6.79,73.4,100,75,3.8,NG,1595733641
402,Guararema,-23.41,-46.03,64.4,77,20,4.7,BR,1595733642
403,Contamana,-7.33,-75.02,71.85,95,43,1.61,PE,1595733645
404,Pemangkat,1.17,108.97,80.24,80,81,6.29,ID,1595733646
405,Nanortalik,60.14,-45.24,43.3,88,95,2.95,GL,1595733647
406,Cidreira,-30.18,-50.21,50.68,71,31,11.45,BR,1595733649
407,College,64.86,-147.8,64.99,55,75,3.62,US,1595733651
408,Mt. Pleasant,32.79,-79.86,80.01,100,40,7.38,US,1595733652
409,Grindavik,63.84,-22.43,48.2,81,75,18.34,IS,1595733653
410,Gemeente Heiloo,52.6,4.7,61.0,95,98,8.88,NL,1595733654
411,Estrela,-28.06,-50.94,38.77,96,100,1.43,BR,1595733655
412,Mount Isa,-20.73,139.5,71.6,21,0,12.75,AU,1595733657
413,Mildura,-34.2,142.15,60.01,58,0,8.05,AU,1595733520
414,Bac Lieu,9.29,105.72,87.03,64,72,8.46,VN,1595733659
415,Kyzyl-Suu,42.34,78.0,71.02,40,50,4.25,KG,1595733661
416,Katsuura,35.13,140.3,90.0,100,75,6.93,JP,1595733662
417,Mizdah,31.45,12.98,68.43,41,0,1.5,LY,1595733663
418,Lodja,-3.48,23.43,70.16,52,36,0.67,CD,1595733665
419,Yerbogachën,61.28,108.01,64.36,60,23,7.38,RU,1595733666
420,Ca Mau,9.18,105.15,88.16,63,71,5.35,VN,1595733667
421,Ndélé,8.41,20.65,69.46,97,63,3.18,CF,1595733668
422,Drayton Valley,53.22,-114.99,60.12,71,49,3.0,CA,1595733669
423,Cihuatlán,19.24,-104.57,84.2,83,75,3.15,MX,1595733670
424,Oruzgan,32.83,66.0,80.29,15,0,1.48,AF,1595733671
425,Kumluca,36.37,30.29,81.32,45,0,2.64,TR,1595733673
426,Nantucket,41.28,-70.1,71.6,94,1,8.05,US,1595733674
427,Shīeli,44.17,66.75,88.03,19,83,9.01,KZ,1595733676
428,Yantal',56.85,105.25,70.7,44,100,3.06,RU,1595733677
429,Abnūb,27.27,31.15,78.8,44,0,9.17,EG,1595733678
430,Flin Flon,54.77,-101.86,62.46,87,66,7.34,CA,1595733679
431,Khanbari,27.37,87.2,77.29,75,100,0.67,NP,1595733682
432,The Valley,18.22,-63.06,84.2,79,40,12.75,AI,1595733389
433,Areosa,41.72,-8.86,66.99,93,20,8.46,PT,1595733684
434,Methóni,36.82,21.7,75.99,77,0,5.82,GR,1595733686
435,Roald,62.58,6.13,53.6,93,99,16.11,NO,1595733687
436,Zverinogolovskoye,54.46,64.85,65.75,65,85,2.13,RU,1595733688
437,Talnakh,69.49,88.4,55.4,58,0,26.84,RU,1595733690
438,Lagoa,39.05,-27.98,71.31,88,0,17.65,PT,1595733691
439,Okhotsk,59.38,143.3,62.89,62,0,13.96,RU,1595733692
440,Severobaykal'sk,55.65,109.32,65.86,47,44,1.36,RU,1595733693
441,Yeppoon,-23.13,150.73,78.8,36,40,10.29,AU,1595733694
442,Athabasca,54.72,-113.29,61.79,73,11,9.28,CA,1595733695
443,Lima,-12.04,-77.03,59.0,87,90,6.93,PE,1595733414
444,Morro Bay,35.37,-120.85,64.99,88,17,4.16,US,1595733698
445,Comodoro Rivadavia,-45.87,-67.5,37.4,86,90,12.75,AR,1595733584
446,Empalme,27.97,-110.82,90.0,71,0,5.01,MX,1595733700
447,Yaan,7.38,8.57,70.95,98,100,3.96,NG,1595733701
448,Freeport,40.66,-73.58,80.01,83,40,14.99,US,1595733702
449,Mahon,39.89,4.27,73.4,88,0,2.24,ES,1595733704
450,Lata,40.16,-8.33,63.0,92,71,3.42,PT,1595733706
451,Tromsø,69.65,18.96,57.2,71,75,20.8,NO,1595733535
452,Faya,18.39,42.45,69.8,56,86,3.27,SA,1595733708
453,Puerto Carreño,6.19,-67.49,75.13,90,100,3.67,CO,1595733708
454,Syamzha,60.02,41.06,54.81,77,0,0.78,RU,1595733712
455,Grand Island,40.92,-98.34,82.4,69,1,13.87,US,1595733713
456,Portland,45.52,-122.68,77.0,39,0,8.84,US,1595733626
457,Boqueirão,-7.5,-36.13,63.03,95,28,6.96,BR,1595733715
458,Namatanai,-3.67,152.43,85.93,67,65,8.86,PG,1595733716
459,Tianpeng,30.99,103.94,86.0,59,98,2.48,CN,1595733717
460,Bathsheba,13.22,-59.52,82.4,78,40,18.34,BB,1595733719
461,Le Port,-20.94,55.29,68.0,63,40,16.11,RE,1595733720
462,Port Moresby,-9.44,147.18,87.8,66,40,17.22,PG,1595733721
463,Salem,11.65,78.17,80.6,78,75,1.9,IN,1595733722
464,Vanavara,60.34,102.28,69.96,46,38,2.39,RU,1595733723
465,Turukhansk,65.82,87.98,60.03,61,83,6.67,RU,1595733724
466,Hato Mayor,18.76,-69.26,78.8,94,40,4.63,DO,1595733725
467,Iporá,-16.44,-51.12,66.67,41,0,4.79,BR,1595733727
468,Nishihara,26.18,127.76,86.0,74,75,9.17,JP,1595733728
469,Sharlyk,52.92,54.75,60.91,79,15,8.37,RU,1595733729
470,Ekibastuz,51.67,75.37,66.6,63,47,12.21,KZ,1595733730
471,Mahibadhoo,3.78,72.97,82.65,68,100,4.41,MV,1595733731
472,Zhaotong,27.32,103.72,62.46,90,100,6.29,CN,1595733733
473,Cortez,37.35,-108.59,62.6,93,90,6.93,US,1595733735
474,Saint-Augustin,51.23,-58.65,61.02,87,92,0.54,CA,1595733737
475,Melfi,41.0,15.65,68.0,68,5,9.17,IT,1595733738
476,Salta,-24.79,-65.41,32.0,52,0,1.12,AR,1595733552
477,Teguise,29.06,-13.56,73.4,73,90,19.46,ES,1595733740
478,Haimen,23.19,116.61,93.2,56,20,6.71,CN,1595733741
479,Salym,60.06,71.48,61.84,64,71,3.85,RU,1595733743
480,Hasaki,35.73,140.83,91.0,70,40,9.17,JP,1595733744
481,Walker,30.73,-95.57,82.4,74,75,3.36,US,1595733745
482,Zlobin,45.29,14.65,68.0,82,32,2.24,HR,1595733747
483,Abu Kamal,34.45,40.92,79.38,45,0,9.17,SY,1595733748
484,Trelew,-43.25,-65.31,46.71,65,0,14.25,AR,1595733453
485,Crotone,39.09,17.12,73.17,67,0,11.97,IT,1595733750
486,Ossora,59.24,163.07,65.21,58,0,4.97,RU,1595733751
487,Finote Selam,10.7,37.27,57.92,95,100,1.52,ET,1595733752
488,Kabare,-2.47,28.82,59.05,70,49,0.87,CD,1595733753
489,Manubul,5.47,120.8,84.63,66,100,3.94,PH,1595733754
490,Gwadar,25.12,62.33,84.04,80,94,6.58,PK,1595733756
491,Tieling,42.29,123.84,89.65,38,0,9.91,CN,1595733757
492,Gamboma,-1.88,15.86,76.91,59,98,3.04,CG,1595733758
493,Port Hawkesbury,45.62,-61.35,69.8,77,75,8.05,CA,1595733759
494,Pozo Colorado,-23.49,-58.8,49.66,60,100,4.68,PY,1595733760
495,Tura,25.52,90.22,84.42,79,56,2.24,IN,1595733761
496,Dalnerechensk,45.93,133.72,78.64,64,30,2.66,RU,1595733762
497,Ponta Delgada,37.73,-25.67,66.2,82,40,2.24,PT,1595733764
498,Kawalu,-7.38,108.21,76.84,68,100,4.74,ID,1595733765
499,Calama,-22.47,-68.93,39.2,3,0,23.04,CL,1595733766
500,Derzhavīnsk,51.1,66.32,67.6,71,37,4.9,KZ,1595733767
501,Ouégoa,-20.35,164.43,76.98,64,0,14.61,NC,1595733768
502,Micheweni,-4.97,39.83,76.23,77,9,16.06,TZ,1595733770
503,Acajutla,13.59,-89.83,72.0,92,100,2.39,SV,1595733771
504,Karoi,-16.81,29.69,47.32,91,13,4.79,ZW,1595733772
505,Mokhotlong,-29.29,29.07,29.62,81,0,1.19,LS,1595733606
506,Gravdal,68.12,13.5,53.28,90,100,6.98,NO,1595733775
507,Kochi,9.94,76.26,78.8,94,40,6.93,IN,1595733776
508,Teknāf,20.86,92.31,85.41,73,81,4.85,BD,1595733777
509,Tautira,-17.73,-149.15,80.6,65,20,9.17,PF,1595733778
510,Divnomorskoye,44.5,38.14,71.13,75,14,7.07,RU,1595733780
511,St. George's,12.06,-61.75,82.4,88,20,14.99,GD,1595733781
512,La Rioja,42.25,-2.5,64.4,72,1,4.7,ES,1595733782
513,Plouzané,48.38,-4.62,59.0,93,75,3.36,FR,1595733783
514,Jizan,17.33,42.67,87.8,70,60,20.8,SA,1595733667
515,Alugan,12.22,125.48,85.28,71,5,6.06,PH,1595733785
516,Adwa,14.16,38.9,63.19,85,92,1.86,ET,1595733786
517,Opotiki,-38.08,177.28,60.01,55,0,1.99,NZ,1595733787
518,Shizunai-furukawachō,42.33,142.37,68.16,77,100,7.0,JP,1595733791
519,Glens Falls,43.31,-73.64,71.01,77,1,4.7,US,1595733185
520,Norrtälje,59.76,18.7,60.01,22,2,1.01,SE,1595733793
521,Palmerston,-12.49,130.98,87.01,20,1,14.99,AU,1595733794
522,Zhangaözen,43.3,52.8,81.19,36,0,3.62,KZ,1595733795
523,São Félix do Xingu,-6.64,-51.99,71.02,55,0,1.92,BR,1595733796
524,Sangar,63.92,127.47,69.35,51,0,6.64,RU,1595733797
525,Mangochi,-14.48,35.26,62.91,72,100,6.69,MW,1595733800
526,Caucayá,-0.19,-74.78,72.16,98,66,1.77,CO,1595733802
527,São Francisco de Assis,-29.55,-55.13,44.92,79,0,4.18,BR,1595733803
528,Rio Grande,-32.03,-52.1,42.01,94,0,11.12,BR,1595733804
529,Dwārka,22.24,68.97,84.25,78,100,5.41,IN,1595733805
530,Ginir,7.13,40.7,55.45,90,29,12.08,ET,1595733806
531,Farīdpur,23.6,89.83,86.0,74,75,9.17,BD,1595733807
532,Vung Tau,10.35,107.08,85.46,70,97,8.61,VN,1595733808
533,Nadym,65.53,72.52,60.89,71,7,12.75,RU,1595733809
534,Kattivākkam,13.22,80.32,84.2,74,75,6.93,IN,1595733811
535,Ovsyanka,55.96,92.55,62.6,93,90,4.47,RU,1595733812
536,Baruun-Urt,46.68,113.28,67.51,73,100,11.41,MN,1595733813
537,Flinders,-34.58,150.86,60.01,93,100,1.99,AU,1595733814
538,Caruaru,-8.28,-35.98,61.2,96,14,6.78,BR,1595733815
539,Tomakomai,42.64,141.6,75.99,82,75,10.29,JP,1595733816
540,Menongue,-14.66,17.69,44.31,61,0,3.69,AO,1595733817
541,Luang Prabang,19.89,102.13,89.6,62,40,4.7,LA,1595733818
542,Carroll,39.55,-77.02,78.01,85,79,2.37,US,1595733819
543,Gambo,4.65,22.26,69.8,97,100,1.83,CF,1595733821
544,Ippy,6.27,21.22,68.25,96,95,2.15,CF,1595733822
545,Sirmaur,24.85,81.38,87.78,50,0,5.14,IN,1595733823
546,Nizhniy Kuranakh,58.84,125.49,77.11,47,40,2.13,RU,1595733824
547,Skjervøy,70.03,20.97,55.6,76,85,18.68,NO,1595733724
548,Kogon,39.72,64.55,84.2,37,0,2.24,UZ,1595733827
549,Chekalin,54.1,36.24,55.4,87,41,2.24,RU,1595733828
550,Suozhen,36.95,118.1,77.0,73,100,3.74,CN,1595733829
551,Moose Factory,51.26,-80.61,73.4,78,75,6.93,CA,1595733830
552,Leningradskiy,69.38,178.42,52.2,74,59,7.05,RU,1595733831
553,Gigmoto,13.78,124.39,86.32,70,98,3.02,PH,1595733832
554,Zhigalovo,54.81,105.16,69.49,48,99,4.5,RU,1595733833
555,Auki,-8.77,160.7,78.58,85,100,4.32,SB,1595733834
556,Paita,-5.09,-81.11,63.59,83,10,11.99,PE,1595733835
557,Pañgobilian,8.8,117.86,86.43,59,34,2.64,PH,1595733837
558,Manokwari,-0.87,134.08,83.71,70,98,5.99,ID,1595733838
559,Senador José Porfírio,-2.59,-51.95,76.59,74,22,2.46,BR,1595733839
560,Brownsville,25.9,-97.5,78.8,88,90,28.86,US,1595733834
561,Galveston,29.37,-94.97,84.99,83,20,13.87,US,1595733841
562,Walvis Bay,-22.96,14.51,69.8,28,0,5.82,NA,1595733842
563,Båtsfjord,70.63,29.72,60.1,62,0,4.54,NO,1595733843
564,Mackenzie,55.3,-123.17,65.57,52,93,5.08,CA,1595733844
565,Yugorsk,61.31,63.33,64.11,52,3,3.53,RU,1595733845
566,Machiques,10.06,-72.55,75.22,81,98,7.76,VE,1595733846
567,Mossamedes,-15.2,12.15,66.24,82,8,6.64,AO,1595733849
568,Beckley,37.78,-81.19,69.8,83,1,0.69,US,1595733850
569,Abu Samrah,35.3,37.18,70.95,55,0,7.78,SY,1595733851
570,Tsabong,-26.02,22.4,46.11,58,0,10.25,BW,1595733852
571,Shrewsbury,52.71,-2.75,55.4,87,0,2.24,GB,1595733853
572,Rochegda,62.8,43.25,59.79,82,99,2.59,RU,1595733854
